number,category,prompt,example
1,PDF to Visual Learning,"Transform this PDF into a professor-style whiteboard image, include diagrams, arrows, boxes, and short captions that explain the core ideas visually. Use color highlights to make concepts easy to follow.","Input: Machine Learning PDF → Output: Whiteboard with decision tree diagrams, arrows showing data flow, color-coded boxes for supervised vs unsupervised learning"
2,PDF to Visual Learning,"Convert this PDF into an infographic-style visual summary with icons, flow charts, and key statistics highlighted in vibrant colors. Make it shareable on social media.","Input: Climate Change Report → Output: Instagram-ready infographic with temperature graphs, emission icons, timeline of events"
3,PDF to Visual Learning,"Turn this academic paper PDF into a mind map with central concept in the middle, branches for subtopics, and color-coded connections showing relationships.","Input: Psychology Research Paper → Output: Mind map with 'Cognitive Bias' at center, branches to 'Confirmation Bias', 'Anchoring', etc."
4,PDF to Visual Learning,"Create a step-by-step visual guide from this PDF with numbered circles, directional arrows, and screenshot-style boxes for each major step.","Input: Software Installation Guide → Output: Numbered workflow with screenshots in boxes, arrows connecting steps"
5,PDF to Visual Learning,"Transform this PDF into a comparison table with side-by-side columns, checkmarks and X marks, and color gradients for better/worse options.","Input: Product Comparison PDF → Output: Table with Feature A vs Feature B, green checkmarks for pros, red X for cons"
6,PDF to Visual Learning,"Convert this document into a timeline visualization with dates on horizontal axis, milestone markers, and callout boxes for key events.","Input: History PDF → Output: Timeline from 1900-2000 with war markers, invention bubbles, political event annotations"
7,PDF to Visual Learning,Turn this PDF into a Venn diagram showing overlapping concepts with labeled circles and color-coded intersection zones.,"Input: Business Strategy PDF → Output: 3-circle Venn showing Marketing, Sales, Customer Success overlap"
8,PDF to Visual Learning,"Create a flowchart from this PDF with decision diamonds, process rectangles, and yes/no paths clearly marked with arrows.","Input: Troubleshooting Guide → Output: Diamond-shaped decisions, rectangular actions, color-coded success/failure paths"
9,PDF to Visual Learning,Transform this PDF into a pyramid/hierarchy diagram with levels labeled and examples at each tier.,"Input: Maslow's Hierarchy PDF → Output: Pyramid with 5 levels, icons at each level, examples in text bubbles"
10,PDF to Visual Learning,"Convert this document into a concept map with interconnected nodes, relationship labels on connecting lines, and cluster groupings.","Input: Ecosystem PDF → Output: Network of connected bubbles for plants, animals, decomposers with arrows labeled 'eats', 'decomposes'"
11,Text to Diagrams,"Turn this text explanation into a detailed flowchart with swim lanes for different actors, decision points, and loop-back arrows where needed.","Input: Order Processing Text → Output: Swimlanes for Customer, System, Warehouse with process boxes in each lane"
12,Text to Diagrams,"Convert this text into a system architecture diagram with servers, databases, APIs shown as connected boxes with labeled data flows.","Input: Web App Architecture Text → Output: Frontend box → API Gateway → Backend Services → Database, with HTTP/REST labels"
13,Text to Diagrams,"Transform this explanation into a cause-and-effect fishbone diagram with main problem on right, category branches on left.","Input: Quality Issues Text → Output: Fishbone with 'Defects' on right, branches for Materials, Methods, Machines, People"
14,Text to Diagrams,"Create a quadrant matrix from this text with four labeled sections, items plotted based on two axes, and color coding by priority.","Input: Project Prioritization Text → Output: 2x2 matrix: Urgent/Important axes, tasks plotted as colored dots"
15,Text to Diagrams,"Turn this process description into a BPMN-style diagram with start/end events, tasks, gateways, and message flows.","Input: Approval Process Text → Output: Rounded start → Task boxes → Diamond gateways → Rounded end, with message dotted lines"
16,Text to Diagrams,Convert this text into a layered architecture diagram showing technology stack from bottom (infrastructure) to top (user interface).,Input: Software Stack Text → Output: Stacked rectangles: Hardware → OS → Database → Backend → Frontend → UI
17,Text to Diagrams,"Transform this explanation into a data flow diagram with circles for processes, rectangles for entities, arrows for data movement.","Input: Order System Text → Output: Circles for 'Process Order', 'Update Inventory', rectangles for 'Customer', 'Database'"
18,Text to Diagrams,"Create a network topology diagram from this text with nodes, routers, connections, and IP ranges labeled.","Input: Network Setup Text → Output: Cloud shape for internet, router icons, computer nodes, switch icons, labeled subnets"
19,Text to Diagrams,"Turn this text into an entity-relationship diagram with entities as boxes, relationships as diamonds, cardinality noted.","Input: Database Schema Text → Output: 'Customer' box → 'Places' diamond → 'Order' box, with 1:N cardinality"
20,Text to Diagrams,Convert this process into a Kanban board visualization with columns for stages and cards for items in each stage.,"Input: Development Process Text → Output: Columns: Backlog, In Progress, Testing, Done with task cards in each"
21,Code to Visual,"Transform this code into a visual execution flow diagram showing function calls, loops, and conditional branches with color-coded blocks.","Input: Python sorting algorithm → Output: Flowchart with iteration loops in blue, comparisons in yellow, swaps in red"
22,Code to Visual,"Convert this API code into a sequence diagram showing requests, responses, and interactions between components over time.","Input: REST API calls → Output: Vertical lifelines for Client, API, Database with horizontal arrows for requests/responses"
23,Code to Visual,"Turn this class structure into a UML class diagram with boxes for classes, lines for inheritance, and method/property lists.","Input: OOP Python code → Output: Class boxes with attributes, methods, inheritance arrows, association lines"
24,Code to Visual,"Create a state machine diagram from this code showing states as circles, transitions as arrows, and trigger conditions as labels.","Input: State management code → Output: Circles for 'Idle', 'Running', 'Paused' with labeled transition arrows"
25,Code to Visual,Transform this algorithm into a step-by-step visual walkthrough with input/output examples and intermediate calculation boxes.,"Input: Dijkstra's algorithm code → Output: Grid showing step-by-step node visits, distance updates, final shortest path"
26,Code to Visual,"Convert this recursive function into a tree diagram showing call stack, return values, and base case highlighting.","Input: Fibonacci recursion → Output: Tree with fib(5) at root, branches to fib(4) and fib(3), base cases in green"
27,Code to Visual,"Turn this data structure code into a visual representation with boxes for nodes, arrows for pointers, and values clearly labeled.","Input: Linked list code → Output: Chain of boxes with values, arrows pointing to next node, NULL at end"
28,Code to Visual,"Create a component diagram from this frontend code showing UI components, their hierarchy, and data flow between them.","Input: React component code → Output: Nested boxes for App → Header, Body, Footer components, props arrows"
29,Code to Visual,"Transform this database query into a visual query execution plan with table scans, joins, and filters as connected operation boxes.","Input: SQL JOIN query → Output: Tree showing table scans at bottom, join operations middle, final output top"
30,Code to Visual,"Convert this microservices code into a service mesh diagram showing services, load balancers, message queues, and API gateways.","Input: Docker-compose file → Output: Service boxes connected through load balancer, message queue between services"
31,Data to Visualizations,"Transform this dataset into an interactive-looking dashboard mockup with charts, KPI cards, filters, and trend indicators.","Input: Sales CSV data → Output: Dashboard with bar chart for monthly sales, pie chart for categories, KPI cards for totals"
32,Data to Visualizations,"Convert these statistics into an infographic with bold numbers, percentage comparisons, and icon representations.","Input: Survey results → Output: Giant '87%' with 'agree' caption, comparison bars, stick figure icons for demographics"
33,Data to Visualizations,"Turn this time-series data into a line graph with multiple colored lines, annotations for significant events, and trend arrows.","Input: Stock price data → Output: Multi-color line chart with 'Market Crash' annotation, upward trend arrow"
34,Data to Visualizations,"Create a heatmap from this data with color gradient from cool to warm, axis labels, and value annotations in cells.","Input: Correlation matrix → Output: Grid with red (high correlation) to blue (low), numbers in each cell"
35,Data to Visualizations,"Transform this geographical data into a map visualization with location markers, size indicating magnitude, and color coding by category.","Input: Store locations CSV → Output: Map with circle markers sized by revenue, colored by region"
36,Data to Visualizations,Convert this hierarchical data into a treemap with nested rectangles sized by value and colored by category.,"Input: Budget allocation data → Output: Nested rectangles: biggest for largest budget items, color by department"
37,Data to Visualizations,Turn this comparison data into a radar/spider chart with multiple dimensions and overlapping colored shapes.,"Input: Product feature comparison → Output: Pentagon radar chart with 5 features, overlapping shapes for 2 products"
38,Data to Visualizations,"Create a funnel visualization from this conversion data with labeled stages, drop-off percentages, and narrowing width.","Input: Sales funnel data → Output: Inverted triangle sections: Visitors → Leads → Trials → Customers, % at each stage"
39,Data to Visualizations,Transform this categorical data into a horizontal bar chart with values labeled at end of bars and color gradient.,"Input: Top 10 products → Output: Horizontal bars sorted by revenue, gradient from blue to purple, values at bar ends"
40,Data to Visualizations,"Convert this distribution data into a histogram with bins, frequency counts, and normal curve overlay if applicable.","Input: Test scores → Output: Bars showing frequency per score range, bell curve overlay, mean/median lines"
41,Concepts to Comics/Stories,"Turn this complex concept into a 4-panel comic strip with stick figures, speech bubbles, and a simple narrative arc.","Input: 'How blockchain works' → Output: Panel 1: Person sends money, Panel 2: Network verifies, Panel 3: Block added, Panel 4: Transaction complete"
42,Concepts to Comics/Stories,Transform this technical process into a visual story with characters representing different components and dialogue explaining their roles.,"Input: HTTP request/response → Output: Client character knocks on Server's door, Server retrieves item, hands it back"
43,Concepts to Comics/Stories,Convert this abstract idea into a metaphor-based illustration with real-world objects representing technical concepts.,"Input: API explanation → Output: Restaurant metaphor: Menu = API docs, Waiter = API, Kitchen = Backend"
44,Concepts to Comics/Stories,"Create a before/after comparison comic showing problem scenario in first panel, solution in second with visual improvements.","Input: Load balancing concept → Output: Before: Single server overwhelmed, After: Multiple servers sharing load happily"
45,Concepts to Comics/Stories,"Turn this learning journey into a roadmap illustration with character starting at bottom left, progressing through milestones to goal at top right.","Input: Career progression → Output: Path from 'Junior Dev' through 'Mid-level', 'Senior', to 'Architect' with skill checkpoints"
46,Concepts to Comics/Stories,Transform this comparison into a 'vs' battle illustration with two sides showing strengths/weaknesses in visual competition format.,"Input: SQL vs NoSQL → Output: Left side: SQL with relational structure powers, Right: NoSQL with flexibility powers"
47,Concepts to Comics/Stories,Convert this cause-effect relationship into a domino-effect illustration showing chain reaction from trigger to outcome.,Input: Technical debt accumulation → Output: Falling dominoes labeled: 'Skip tests' → 'Bugs' → 'Patches' → 'More bugs'
48,Concepts to Comics/Stories,"Create a maze/puzzle illustration where solving it represents understanding the concept, with dead-ends showing common mistakes.","Input: Debugging process → Output: Maze with 'Bug Found' at center, dead ends labeled common wrong assumptions"
49,Concepts to Comics/Stories,Turn this technical architecture into a city/building metaphor with structures representing different system components.,"Input: Microservices architecture → Output: City with buildings = services, roads = APIs, utilities = shared services"
50,Concepts to Comics/Stories,"Transform this process into a recipe card format with ingredients list, step-by-step cooking instructions, and finished dish image.","Input: Machine learning pipeline → Output: Recipe with 'Ingredients: Raw data, Model', Steps: 'Mix, Train, Bake at 100 epochs'"
51,Notes to Study Materials,"Convert these lecture notes into a flashcard-style layout with question on front (shown as card), answer on back with visual cues.","Input: Biology notes → Output: Card showing 'What is photosynthesis?' front, flip reveals diagram with sun, leaf, equations"
52,Notes to Study Materials,"Transform these notes into a Cornell notes format with cue column, notes column, and summary section with doodles and highlights.","Input: History notes → Output: Left: Key terms, Middle: Detailed notes with underlines, Bottom: Summary box"
53,Notes to Study Materials,"Turn these study notes into a sketchnote style with hand-drawn fonts, icons, arrows, speech bubbles, and visual separators.","Input: Physics concepts → Output: Hand-drawn F=ma with stick figure pushing box, arrows, thought bubbles with examples"
54,Notes to Study Materials,Create a comparison chart from these notes with columns for different theories/approaches and rows for evaluation criteria.,"Input: Psychology theories → Output: Table comparing Freud, Jung, Rogers across 'View of Human Nature', 'Key Concepts'"
55,Notes to Study Materials,"Transform these notes into a visual syllabus with icons for each topic, progress checkboxes, and estimated time bubbles.","Input: Course notes → Output: Week 1-12 grid with topic icons, empty checkboxes, '2 hrs' time estimates"
56,Notes to Study Materials,Convert lecture content into a concept relationship map with key terms in bubbles connected by labeled relationship arrows.,Input: Economics notes → Output: 'Supply' and 'Demand' bubbles connected by 'determines' arrow to 'Price' bubble
57,Notes to Study Materials,"Turn these notes into a visual cheat sheet with formulae, examples, common pitfalls, and quick reference tables in organized sections.","Input: Math formulas → Output: Sections with boxed formulas, solved examples, 'Watch out!' warning boxes"
58,Notes to Study Materials,Create a mnemonics illustration from these notes with memorable images linked to concepts that need memorization.,Input: Periodic table elements → Output: Visual story connecting images: 'Harry' (Hydrogen) 'Helps' (Helium)...
59,Notes to Study Materials,"Transform these notes into an exam preparation grid with topics, difficulty level, importance ranking, and status indicators.","Input: Study topics → Output: Grid with Topic, Stars for difficulty, Red/Yellow/Green for mastery, Checkbox for reviewed"
60,Notes to Study Materials,"Convert these notes into a visual glossary with terms in bold, definitions in simple language, and illustrative diagrams.","Input: Technical jargon → Output: 'API' in big letters, simple definition, diagram showing request/response arrows"
61,Business to Visual Strategy,Transform this business plan into a one-page business model canvas with all 9 building blocks clearly labeled and filled.,"Input: Startup business plan → Output: Canvas with Customer Segments, Value Prop, Channels, Revenue Streams sections filled"
62,Business to Visual Strategy,"Convert this strategy document into a SWOT analysis matrix with quadrants for Strengths, Weaknesses, Opportunities, Threats.","Input: Company analysis → Output: 2x2 grid with bullet points in each quadrant, color-coded internal vs external"
63,Business to Visual Strategy,"Turn this quarterly report into an executive dashboard with key metrics as large numbers, trend arrows, and mini charts.","Input: Financial report → Output: 'Revenue $2.5M' with up arrow, small line chart, '↑15% YoY' indicator"
64,Business to Visual Strategy,"Create a product roadmap from this plan with timeline, features as cards, and dependency connections between items.","Input: Product plan → Output: Horizontal timeline Q1-Q4, feature boxes placed above quarters, dotted lines for dependencies"
65,Business to Visual Strategy,"Transform this customer journey into a path with emotional states (happy/sad faces), touchpoints, and pain point markers.","Input: User experience notes → Output: Curved path with smiley at 'Discovery', sad face at 'Checkout', star at 'Delivery'"
66,Business to Visual Strategy,"Convert this org chart into a visual hierarchy with photos (or icons), names, titles, and reporting lines clearly shown.","Input: Company structure → Output: CEO at top, branching boxes below for VPs, managers, with connecting lines"
67,Business to Visual Strategy,"Turn this marketing funnel into a visual pipeline with stages, conversion percentages, and tactics at each level.","Input: Marketing plan → Output: Inverted triangle: Awareness (Social Ads) → Interest → Decision → Action, % conversions"
68,Business to Visual Strategy,Create a competitive positioning map from this analysis with two axes and competitors plotted as labeled bubbles.,"Input: Market research → Output: Grid: X-axis 'Price', Y-axis 'Quality', competitor circles sized by market share"
69,Business to Visual Strategy,"Transform this value chain into a horizontal process flow with primary activities at bottom, support activities at top.","Input: Operations doc → Output: Arrows showing Inbound → Operations → Outbound → Marketing → Service, support above"
70,Business to Visual Strategy,"Convert this pitch deck into a single visual pitch with problem, solution, market size, traction, and ask as connected elements.",Input: 15-slide deck → Output: One page with Problem box → Solution → Market pie chart → Traction graph → Ask $
71,Science to Illustrations,"Transform this biology process into a detailed cellular diagram with organelles labeled, zoomed inset views, and color-coded functions.","Input: Cell respiration text → Output: Cell diagram with mitochondria zoomed, ATP molecules, glucose → energy arrows"
72,Science to Illustrations,"Convert this chemistry reaction into a molecular visualization with atoms as colored spheres, bonds as sticks, before/after states.","Input: Chemical equation → Output: Left: H2O molecules, Right: H2 + O2, color-coded atoms, broken/formed bonds shown"
73,Science to Illustrations,"Turn this physics concept into a force diagram with objects, force vectors as arrows, angle measurements, and result motion.","Input: Newton's laws text → Output: Box on incline, gravity arrow down, normal force up, friction left, motion vectors"
74,Science to Illustrations,"Create an astronomy diagram from this description with orbits, relative sizes, distances to scale, and labels with facts.","Input: Solar system info → Output: Sun and planets to scale, orbital paths, distance measurements, quick facts bubbles"
75,Science to Illustrations,"Transform this geological process into a cross-section diagram showing layers, time periods, and formation processes.","Input: Rock cycle description → Output: Underground cross-section with sedimentary, metamorphic, igneous layers, arrows showing transformations"
76,Science to Illustrations,"Convert this anatomy description into a labeled diagram with systems color-coded, key organs highlighted, and function callouts.","Input: Digestive system text → Output: Body outline with stomach, intestines, liver in colors, 'breaks down food' callouts"
77,Science to Illustrations,"Turn this experiment procedure into a visual lab setup with equipment illustrations, step numbers, safety warnings, and results.","Input: Chemistry experiment → Output: Beaker, burner, test tube illustrations, numbered steps, '⚠️ Wear goggles' warning"
78,Science to Illustrations,"Create an ecosystem web from this ecological description with organisms, energy flow arrows, and trophic level indicators.","Input: Food web text → Output: Sun at top, plants, herbivores, carnivores connected with 'eats' arrows, energy percentages"
79,Science to Illustrations,"Transform this weather pattern into a meteorological diagram with pressure systems, fronts, wind arrows, and cloud types.","Input: Hurricane formation text → Output: Circular storm structure, low pressure center, wind spirals, warm/cold air masses"
80,Science to Illustrations,"Convert this evolutionary tree into a phylogenetic diagram with branching points, time scale, and key evolutionary innovations.","Input: Species evolution text → Output: Tree with trunk at bottom (ancestor), branches for species, innovation markers"
81,Math to Visual Proofs,"Transform this mathematical proof into a visual demonstration with geometric shapes, algebraic steps, and color-coded equivalences.","Input: Pythagorean theorem proof → Output: Right triangle with squares on each side, area calculations shown, a²+b²=c² highlighted"
82,Math to Visual Proofs,"Convert this calculus concept into an animated-looking diagram showing function curve, tangent line, and limit approaching.","Input: Derivative definition → Output: Curve with secant line becoming tangent, Δx→0 annotation, slope calculation"
83,Math to Visual Proofs,"Turn this statistics concept into a distribution visualization with normal curve, shaded regions, and probability annotations.","Input: Standard deviation text → Output: Bell curve with σ intervals marked, 68-95-99.7 rule percentages shaded"
84,Math to Visual Proofs,"Create a number line illustration from this inequality with shaded regions, boundary points, and test points marked.","Input: Inequality solution → Output: Number line with open/closed circles, shaded region, test points with check/x marks"
85,Math to Visual Proofs,"Transform this trigonometry concept into a unit circle diagram with angles, coordinates, and sine/cosine wave projections.","Input: Trig functions text → Output: Unit circle with angle θ, (cos θ, sin θ) marked, sine wave graph below"
86,Math to Visual Proofs,Convert this matrix operation into a visual grid transformation showing before/after states with arrow indicating transformation.,"Input: Matrix multiplication → Output: Left: 2x2 grid, Right: transformed grid, rotation/scaling arrows between"
87,Math to Visual Proofs,"Turn this set theory concept into a Venn diagram with unions, intersections, complements clearly shaded and labeled.","Input: Set operations text → Output: Overlapping circles with A∪B shaded, A∩B hatched, labels with element counts"
88,Math to Visual Proofs,"Create a graph theory visualization from this description with vertices as circles, edges as lines, and properties annotated.","Input: Graph algorithm → Output: Network of connected nodes, shortest path highlighted in red, edge weights labeled"
89,Math to Visual Proofs,Transform this geometric construction into step-by-step compass-and-straightedge diagrams with construction arcs visible.,"Input: Angle bisector construction → Output: Step 1: Draw arcs, Step 2: Connect intersections, final bisector in bold"
90,Math to Visual Proofs,"Convert this probability problem into a tree diagram with branches for outcomes, probabilities on edges, and final calculations.","Input: Conditional probability → Output: Tree with branches for events, P(A), P(B|A) on edges, final probabilities at leaves"
91,Technical Docs to Tutorials,"Transform this API documentation into a visual quick-start guide with code snippets, expected responses, and common error solutions.","Input: REST API docs → Output: 'GET /users' box with curl command, 200 response example, 404 error troubleshooting"
92,Technical Docs to Tutorials,"Convert this installation guide into a visual step-by-step wizard with screenshots, command blocks, and success checkmarks.","Input: Software install instructions → Output: Screen 1 with download button, Screen 2 with install wizard, checkmark at end"
93,Technical Docs to Tutorials,Turn this configuration file into an annotated version with comment bubbles explaining each section and example values.,"Input: YAML config → Output: Config lines with arrow callouts: 'This sets port', 'Change this for prod', example values"
94,Technical Docs to Tutorials,"Create a troubleshooting decision tree from this support doc with questions, yes/no branches, and solution leaf nodes.",Input: Error troubleshooting guide → Output: Diamond: 'Error code 500?' → Yes: 'Check logs' → No: 'Check network'
95,Technical Docs to Tutorials,"Transform this CLI reference into a cheat sheet with command syntax, option flags, and usage examples in organized boxes.","Input: Git commands → Output: 'git commit -m' syntax, flag descriptions in table, example: git commit -m 'Fix bug'"
96,Technical Docs to Tutorials,"Convert this database schema into an ER diagram with tables, columns, primary keys, foreign keys, and relationships.","Input: SQL CREATE statements → Output: Table boxes with PK underlined, FK with arrows to referenced tables"
97,Technical Docs to Tutorials,"Turn this security best practices doc into a checklist poster with icons, priority indicators, and quick action items.","Input: Security guidelines → Output: Checkbox list with shield icons, 🔴 High priority items first, action verbs"
98,Technical Docs to Tutorials,"Create a deployment pipeline visualization from this DevOps doc with stages, tools used, and automated checks at each step.","Input: CI/CD documentation → Output: Pipeline: Code → Build → Test → Deploy, tool icons at each stage, success/fail paths"
99,Technical Docs to Tutorials,Transform this architecture decision record into a comparison matrix with options evaluated against criteria with scores.,"Input: Tech stack decision doc → Output: Table: React vs Vue vs Angular rows, Performance/Community/Learning columns, scores"
100,Technical Docs to Tutorials,"Convert this onboarding document into a visual first-day journey map with timeline, tasks, people to meet, and resources.","Input: New hire guide → Output: 9am: Setup laptop, 10am: Meet team (faces), 11am: First task, links to resources"
101,Articles to Social Media,"Transform this blog post into an Instagram carousel with 10 slides: cover slide with title, key points on subsequent slides, call-to-action at end.","Input: '10 Python Tips' article → Output: Slide 1: Bold title + author, Slides 2-11: One tip per slide with code, Slide 12: Follow CTA"
102,Articles to Social Media,"Convert this article into a Twitter/X thread format with numbered tweets, each under 280 characters, images for key data points.","Input: Long-form article → Output: 1/10 thread with hook, subsequent tweets numbered, chart image in tweet 5, conclusion in 10/10"
103,Articles to Social Media,"Turn this article into a LinkedIn post visual with key takeaway as large text, supporting bullets, and professional imagery.","Input: Industry analysis article → Output: '3 Key Trends in AI' as header, 3 bullet points, corporate background image"
104,Articles to Social Media,"Create a Pinterest pin from this how-to article with vertical layout, numbered steps, before/after images, and bold title at top.","Input: DIY tutorial → Output: Tall vertical graphic with title, Step 1-5 with mini images, 'Save for later' CTA"
105,Articles to Social Media,"Transform this article into a YouTube thumbnail concept with eye-catching text, relevant image, and contrasting colors.","Input: Tech review article → Output: Split screen: product image left, 'Is it worth it?' text right, bright colors"
106,Articles to Social Media,"Convert this list article into a TikTok/Reel script visual with on-screen text overlays, transition points, and hook at start.","Input: '5 Productivity Hacks' → Output: Frame 1: 'You're doing it wrong', Frame 2-6: Each hack with visual example"
107,Articles to Social Media,"Turn this article into a Facebook/Meta post visual with compelling question as headline, preview of answer, and link prompt.","Input: Informative article → Output: 'Did you know...?' headline, teaser fact, 'Read more at link' button"
108,Articles to Social Media,Create a quote card from this article highlighting the most shareable insight with attribution and branded styling.,"Input: Opinion piece → Output: Large quotation marks, key quote in center, author name, minimalist background"
109,Articles to Social Media,"Transform this article stats into a data visualization post with bold numbers, comparisons, and context.","Input: Survey results article → Output: '87% of developers' in huge text, comparison to previous year, source at bottom"
110,Articles to Social Media,"Convert this article into a meme format (if appropriate) with relatable situation in top panel, punchline in bottom panel.","Input: Coding struggles article → Output: Top: 'Code works first try', Bottom: 'Suspiciously checks for bugs' with reaction image"
111,Meetings to Action Items,"Transform these meeting notes into a visual action items board with owner avatars, due dates, priority flags, and status indicators.","Input: Meeting transcript → Output: Kanban board with 'To Do', 'In Progress', 'Done' columns, cards with assignee photos"
112,Meetings to Action Items,"Convert this meeting discussion into a decision log with what was decided, rationale, alternatives considered, and next steps.","Input: Strategy meeting notes → Output: Table: Decision, Why, Alternatives, Action Items columns filled in"
113,Meetings to Action Items,"Turn this brainstorm session into a prioritization matrix with ideas plotted by impact vs effort, color-coded by feasibility.",Input: Innovation meeting notes → Output: 2x2: High Impact/Low Effort (do first) to Low Impact/High Effort (avoid)
114,Meetings to Action Items,"Create a stakeholder communication plan from this meeting with audiences, messages, channels, and timing.","Input: Launch meeting notes → Output: Table with Stakeholder, Key Message, Medium, Date columns for each group"
115,Meetings to Action Items,"Transform meeting outcomes into a RACI matrix showing who is Responsible, Accountable, Consulted, Informed for each action.","Input: Project kickoff notes → Output: Grid with tasks as rows, team members as columns, R/A/C/I in cells"
116,Meetings to Action Items,"Convert this requirements discussion into a user story map with epics across top, user stories below, and priorities indicated.","Input: Product meeting notes → Output: Swim lanes for epics, story cards below ordered by priority, MVP marked"
117,Meetings to Action Items,Turn this retrospective into a start/stop/continue board with sticky notes grouped by category and vote dots for priorities.,"Input: Retro notes → Output: 3 columns with colored sticky notes, dot voting counts, action items circled"
118,Meetings to Action Items,"Create a risk register from this project meeting with identified risks, probability, impact, mitigation strategies, and owners.","Input: Risk discussion notes → Output: Table: Risk, Likelihood (H/M/L), Impact (H/M/L), Mitigation, Owner"
119,Meetings to Action Items,"Transform this quarterly planning into a Gantt chart view with initiatives as bars, dependencies, and milestones marked.","Input: Planning meeting notes → Output: Timeline bars for each project, diamonds for milestones, arrows for dependencies"
120,Meetings to Action Items,Convert this stakeholder meeting into an impact/influence grid with stakeholders positioned and engagement strategies noted.,"Input: Stakeholder analysis notes → Output: 2x2 matrix: High/Low Power vs Interest, stakeholders placed, strategy for each quadrant"
